cohort_month,period_index,active_customers,retention_rate
2025-01-01,0,1380,100.0
2025-01-01,1,840,60.87
2025-01-01,2,807,58.48
2025-01-01,3,704,51.01
2025-01-01,4,700,50.72
2025-01-01,5,608,44.06
2025-01-01,6,550,39.86
2025-01-01,7,456,33.04
2025-01-01,8,439,31.81
2025-01-01,9,367,26.59
2025-01-01,10,330,23.91
2025-01-01,11,287,20.8
2025-01-01,12,264,19.13
2025-01-01,13,213,15.43
2025-02-01,0,376,100.0
2025-02-01,1,218,57.98
2025-02-01,2,210,55.85
2025-02-01,3,191,50.8
2025-02-01,4,169,44.95
2025-02-01,5,149,39.63
2025-02-01,6,135,35.9
2025-02-01,7,110,29.26
2025-02-01,8,117,31.12
2025-02-01,9,108,28.72
2025-02-01,10,77,20.48
2025-02-01,11,63,16.76
2025-02-01,12,57,15.16
2025-03-01,0,141,100.0
2025-03-01,1,76,53.9
2025-03-01,2,69,48.94
2025-03-01,3,58,41.13
2025-03-01,4,62,43.97
2025-03-01,5,53,37.59
2025-03-01,6,44,31.21
2025-03-01,7,33,23.4
2025-03-01,8,36,25.53
2025-03-01,9,31,21.99
2025-03-01,10,27,19.15
2025-03-01,11,26,18.44
2025-04-01,0,53,100.0
2025-04-01,1,25,47.17
2025-04-01,2,18,33.96
2025-04-01,3,26,49.06
2025-04-01,4,16,30.19
2025-04-01,5,17,32.08
2025-04-01,6,12,22.64
2025-04-01,7,10,18.87
2025-04-01,8,14,26.42
2025-04-01,9,12,22.64
2025-04-01,10,7,13.21
2025-05-01,0,28,100.0
2025-05-01,1,11,39.29
2025-05-01,2,11,39.29
2025-05-01,3,10,35.71
2025-05-01,4,9,32.14
2025-05-01,5,7,25.0
2025-05-01,6,7,25.0
2025-05-01,7,4,14.29
2025-05-01,8,5,17.86
2025-05-01,9,12,42.86
2025-06-01,0,9,100.0
2025-06-01,1,5,55.56
2025-06-01,2,4,44.44
2025-06-01,3,2,22.22
2025-06-01,4,2,22.22
2025-06-01,7,4,44.44
2025-07-01,0,4,100.0
2025-07-01,1,3,75.0
2025-07-01,2,2,50.0
2025-07-01,3,2,50.0
2025-07-01,5,2,50.0
2025-07-01,6,1,25.0
2025-08-01,0,3,100.0
2025-08-01,3,1,33.33
2025-08-01,5,2,66.67
2025-09-01,0,3,100.0
2025-09-01,3,1,33.33
2025-10-01,0,1,100.0
2025-11-01,0,1,100.0
2025-11-01,1,1,100.0
2025-11-01,3,1,100.0
2025-12-01,0,1,100.0
