order_date,daily_sales,rolling_7d_sales,rolling_30d_sales,cumulative_revenue
2025-01-01,8834.91,8834.91,8834.91,8834.91
2025-01-02,8834.1,8834.5,8834.5,17669.01
2025-01-03,10506.85,9391.95,9391.95,28175.86
2025-01-04,9447.1,9405.74,9405.74,37622.96
2025-01-05,11545.09,9833.61,9833.61,49168.05
2025-01-06,7800.58,9494.77,9494.77,56968.63
2025-01-07,9219.51,9455.45,9455.45,66188.14
2025-01-08,8042.46,9342.24,9278.83,74230.6
2025-01-09,9743.86,9472.21,9330.5,83974.46
2025-01-10,10941.39,9534.28,9491.58,94915.85
2025-01-11,8778.79,9438.81,9426.79,103694.64
2025-01-12,9825.75,9193.19,9460.03,113520.39
2025-01-13,7523.84,9153.66,9311.09,121044.23
2025-01-14,8936.02,9113.16,9284.3,129980.25
2025-01-15,8286.35,9148.0,9217.77,138266.6
2025-01-16,10583.12,9267.89,9303.11,148849.72
2025-01-17,9249.65,9026.22,9299.96,158099.37
2025-01-18,8171.69,8939.49,9237.28,166271.06
2025-01-19,8869.22,8802.84,9217.91,175140.28
2025-01-20,9714.13,9115.74,9242.72,184854.41
2025-01-21,8797.04,9095.89,9221.5,193651.45
2025-01-22,5746.59,8733.06,9063.55,199398.04
2025-01-23,7742.44,8327.25,9006.11,207140.48
2025-01-24,9542.26,8369.05,9028.45,216682.74
2025-01-25,8673.22,8440.7,9014.24,225355.96
2025-01-26,8678.68,8413.48,9001.33,234034.64
2025-01-27,6680.78,7980.14,8915.39,240715.42
2025-01-28,7963.85,7861.12,8881.4,248679.27
2025-01-29,8916.78,8314.0,8882.62,257596.05
2025-01-30,7426.08,8268.81,8834.07,265022.13
2025-01-31,5818.95,7736.91,8733.54,270841.08
2025-02-01,7929.16,7630.61,8703.37,278770.24
2025-02-02,7316.31,7435.99,8597.02,286086.55
2025-02-03,8190.4,7651.65,8555.13,294276.95
2025-02-04,8636.22,7747.7,8458.17,302913.17
2025-02-05,5975.95,7327.58,8397.35,308889.12
2025-02-06,6656.31,7217.61,8311.91,315545.43
2025-02-07,7257.96,7423.19,8285.76,322803.39
2025-02-08,5562.73,7085.13,8146.39,328366.12
2025-02-09,9267.77,7363.91,8090.6,337633.89
2025-02-10,8014.99,7338.85,8065.14,345648.88
2025-02-11,6503.82,7034.22,7954.41,352152.7
2025-02-12,7881.15,7306.39,7966.32,360033.85
2025-02-13,9095.79,7654.89,7971.65,369129.64
2025-02-14,7359.69,7669.42,7940.76,376489.33
2025-02-15,8008.17,8018.77,7854.93,384497.5
2025-02-16,6546.43,7630.01,7764.82,391043.93
2025-02-17,7763.19,7594.03,7751.2,398807.12
2025-02-18,6068.74,7531.88,7657.85,404875.86
2025-02-19,8505.76,7621.11,7617.57,413381.62
2025-02-20,7123.49,7339.35,7561.79,420505.11
2025-02-21,8114.26,7447.15,7640.71,428619.37
2025-02-22,8592.41,7530.61,7669.04,437211.78
2025-02-23,6430.38,7514.03,7565.31,443642.16
2025-02-24,7183.15,7431.17,7515.65,450825.31
2025-02-25,8066.93,7716.63,7495.25,458892.24
2025-02-26,7494.89,7572.22,7522.39,466387.13
2025-02-27,7132.6,7573.52,7494.68,473519.73
2025-02-28,7258.52,7451.27,7439.41,480778.25
2025-03-01,7193.57,7251.43,7431.66,487971.82
2025-03-02,7005.38,7333.58,7471.2,494977.2
2025-03-03,8388.09,7505.71,7486.5,503365.29
2025-03-04,5934.28,7201.05,7440.43,509299.57
2025-03-05,5279.99,6884.63,7343.42,514579.56
2025-03-06,6368.94,6775.54,7267.84,520948.5
2025-03-07,6293.47,6637.67,7278.43,527241.97
2025-03-08,7896.74,6738.13,7319.78,535138.71
2025-03-09,7307.14,6781.24,7321.42,542445.85
2025-03-10,5671.79,6393.19,7325.05,548117.64
2025-03-11,6503.93,6474.57,7232.92,554621.57
2025-03-12,8861.09,6986.16,7261.13,563482.66
2025-03-13,5557.66,6870.26,7229.59,569040.32
2025-03-14,8453.69,7178.86,7248.67,577494.01
2025-03-15,5813.39,6881.24,7139.26,583307.4
2025-03-16,7741.28,6943.26,7151.98,591048.68
2025-03-17,5287.59,6888.38,7061.29,596336.27
2025-03-18,5086.52,6685.89,7012.63,601422.79
2025-03-19,6686.13,6375.18,6976.73,608108.92
2025-03-20,4691.01,6251.37,6930.8,612799.93
2025-03-21,7311.36,6088.18,6890.99,620111.29
2025-03-22,5676.81,6068.67,6842.77,625788.1
2025-03-23,5830.93,5795.76,6766.66,631619.03
2025-03-24,6615.3,5985.44,6700.75,638234.33
2025-03-25,7741.85,6364.77,6744.47,645976.18
2025-03-26,6488.27,6336.5,6721.3,652464.45
2025-03-27,7441.91,6729.49,6700.47,659906.36
2025-03-28,6172.03,6566.73,6656.38,666078.39
2025-03-29,6687.19,6711.07,6641.53,672765.58
2025-03-30,6856.91,6857.64,6628.14,679622.49
2025-03-31,6034.58,6774.68,6589.51,685657.07
2025-04-01,6431.66,6587.51,6570.38,692088.73
2025-04-02,5170.08,6399.19,6463.12,697258.81
2025-04-03,6061.44,6201.98,6467.36,703320.25
2025-04-04,6162.62,6200.64,6496.78,709482.87
2025-04-05,7070.5,6255.4,6520.16,716553.37
2025-04-06,5216.01,6020.98,6484.25,721769.38
2025-04-07,5435.87,5935.45,6402.22,727205.25
2025-04-08,5242.58,5765.59,6333.4,732447.83
2025-04-09,8042.67,6175.96,6412.43,740490.5
2025-04-10,6055.64,6175.13,6397.49,746546.14
2025-04-11,4934.84,5999.73,6266.61,751480.98
2025-04-12,6161.85,5869.92,6286.75,757642.83
2025-04-13,5058.3,5847.39,6173.57,762701.13
2025-04-14,6686.05,6025.99,6202.66,769387.18
2025-04-15,5258.07,6028.2,6119.89,774645.25
2025-04-16,7011.28,5880.86,6177.34,781656.53
2025-04-17,5891.0,5857.34,6204.16,787547.53
2025-04-18,6671.21,6105.39,6203.66,794218.74
2025-04-19,4780.17,5908.01,6206.63,798998.91
2025-04-20,5763.0,6008.68,6155.02,804761.91
2025-04-21,5686.79,5865.93,6155.35,810448.7
2025-04-22,7565.22,6195.52,6213.16,818013.92
2025-04-23,5201.91,5937.04,6166.05,823215.83
2025-04-24,5386.05,5864.91,6087.52,828601.88
2025-04-25,5735.02,5731.17,6062.42,834336.9
2025-04-26,4818.89,5736.7,5974.98,839155.79
2025-04-27,6096.84,5784.39,5972.47,845252.63
2025-04-28,6976.0,5968.56,5982.1,852228.63
2025-04-29,6273.37,5784.01,5962.65,858502.0
2025-04-30,5623.3,5844.21,5948.94,864125.3
2025-05-01,5515.91,5862.76,5918.42,869641.21
2025-05-02,4178.8,5640.44,5885.37,873820.01
2025-05-03,5525.48,5741.39,5867.51,879345.49
2025-05-04,5361.34,5636.31,5840.8,884706.83
2025-05-05,4169.6,5235.4,5744.1,888876.43
2025-05-06,3819.63,4884.87,5697.56,892696.06
2025-05-07,6719.5,5041.47,5740.34,899415.56
2025-05-08,5176.51,4992.98,5738.14,904592.07
2025-05-09,5759.66,5218.82,5662.04,910351.73
2025-05-10,5082.96,5155.6,5629.62,915434.69
2025-05-11,4150.36,4982.6,5603.47,919585.05
2025-05-12,4841.4,5078.57,5559.45,924426.45
2025-05-13,5844.08,5367.78,5585.65,930270.53
2025-05-14,7227.91,5440.41,5603.71,937498.44
2025-05-15,5384.57,5470.13,5607.93,942883.01
2025-05-16,4244.38,5253.67,5515.7,947127.39
2025-05-17,5258.84,5278.79,5494.62,952386.23
2025-05-18,3040.33,5120.22,5373.59,955426.56
2025-05-19,5712.28,5244.63,5404.66,961138.84
2025-05-20,4434.32,5043.23,5360.38,965573.16
2025-05-21,4571.86,4663.8,5323.21,970145.02
2025-05-22,4491.07,4536.15,5220.74,974636.09
2025-05-23,4851.75,4622.92,5209.07,979487.84
2025-05-24,5270.84,4624.64,5205.23,984758.68
2025-05-25,6000.79,5047.56,5214.09,990759.47
2025-05-26,5576.98,5028.23,5239.36,996336.45
2025-05-27,4850.37,5087.67,5197.81,1001186.82
2025-05-28,4798.38,5120.03,5125.22,1005985.2
2025-05-29,5846.2,5313.62,5110.98,1011831.4
2025-05-30,5329.9,5381.92,5101.2,1017161.3
2025-05-31,4985.0,5341.09,5083.5,1022146.3
2025-06-01,4469.4,5122.32,5093.19,1026615.7
2025-06-02,4475.82,4965.01,5058.2,1031091.52
2025-06-03,5290.76,5027.92,5055.85,1036382.28
2025-06-04,2977.13,4767.74,5016.1,1039359.41
2025-06-05,4571.52,4585.65,5041.16,1043930.93
2025-06-06,4912.89,4526.07,4980.94,1048843.82
2025-06-07,4255.78,4421.9,4950.25,1053099.6
2025-06-08,4421.99,4415.13,4905.66,1057521.59
2025-06-09,3952.62,4340.38,4867.98,1061474.21
2025-06-10,4970.82,4294.68,4895.33,1066445.03
2025-06-11,4274.09,4479.96,4876.42,1070719.12
2025-06-12,4363.16,4450.19,4827.06,1075082.28
2025-06-13,5754.79,4570.46,4777.95,1080837.07
2025-06-14,3739.8,4496.75,4723.13,1084576.87
2025-06-15,4985.1,4577.2,4747.82,1089561.97
2025-06-16,4411.51,4642.75,4719.58,1093973.48
2025-06-17,4262.25,4541.53,4760.31,1098235.73
2025-06-18,4217.32,4533.42,4710.47,1102453.05
2025-06-19,5102.54,4639.04,4732.75,1107555.59
2025-06-20,4517.44,4462.28,4730.93,1112073.03
2025-06-21,3760.57,4465.25,4706.58,1115833.6
2025-06-22,4606.75,4411.2,4698.42,1120440.35
2025-06-23,4442.76,4415.66,4670.81,1124883.11
2025-06-24,3820.74,4352.59,4598.15,1128703.85
2025-06-25,3811.89,4294.67,4539.31,1132515.74
2025-06-26,4582.69,4220.41,4530.39,1137098.43
2025-06-27,3425.19,4064.37,4484.61,1140523.62
2025-06-28,2768.27,3922.61,4382.02,1143291.89
2025-06-29,3608.48,3780.0,4324.64,1146900.37
2025-06-30,4458.96,3782.32,4307.1,1151359.33
2025-07-01,4400.18,3865.09,4304.79,1155759.51
2025-07-02,3001.35,3749.3,4255.64,1158760.86
2025-07-03,3864.25,3646.67,4208.09,1162625.11
2025-07-04,3789.06,3698.65,4235.16,1166414.17
2025-07-05,3497.0,3802.75,4199.34,1169911.17
2025-07-06,3195.5,3743.76,4142.1,1173106.67
2025-07-07,3811.31,3651.24,4127.28,1176917.98
2025-07-08,4433.52,3656.0,4127.66,1181351.5
2025-07-09,3320.86,3701.64,4106.6,1184672.36
2025-07-10,3874.21,3703.07,4070.05,1188546.57
2025-07-11,4977.2,3872.8,4093.49,1193523.77
2025-07-12,3676.25,3898.41,4070.59,1197200.02
2025-07-13,3302.44,3913.68,3988.85,1200502.46
2025-07-14,3025.44,3801.42,3965.03,1203527.9
2025-07-15,3641.47,3688.27,3920.25,1207169.37
2025-07-16,3725.71,3746.1,3897.39,1210895.08
2025-07-17,3930.08,3754.08,3886.31,1214825.16
2025-07-18,6723.01,4003.49,3969.84,1221548.17
2025-07-19,4293.13,4091.61,3942.86,1225841.3
2025-07-20,4163.32,4214.59,3931.05,1230004.62
2025-07-21,5214.72,4527.35,3979.52,1235219.34
2025-07-22,3620.87,4524.41,3946.66,1238840.21
2025-07-23,3052.93,4428.29,3900.33,1241893.14
2025-07-24,2174.0,4177.43,3845.44,1244067.14
2025-07-25,2685.83,3600.69,3807.91,1246752.97
2025-07-26,3896.2,3543.98,3785.02,1250649.17
2025-07-27,2730.68,3339.32,3761.87,1253379.85
2025-07-28,3664.76,3117.9,3791.76,1257044.61
2025-07-29,3016.16,3031.51,3772.01,1260060.77
2025-07-30,3359.95,3075.37,3735.38,1263420.72
2025-07-31,2235.31,3084.13,3663.22,1265656.03
2025-08-01,3040.97,3134.86,3664.54,1268697.0
2025-08-02,3332.47,3054.33,3646.81,1272029.47
2025-08-03,2533.92,3026.22,3604.97,1274563.39
2025-08-04,2648.28,2881.01,3576.68,1277211.67
2025-08-05,2713.02,2837.7,3560.6,1279924.69
2025-08-06,3175.54,2811.36,3539.41,1283100.23
2025-08-07,3713.16,3022.48,3515.4,1286813.39
2025-08-08,3368.82,3069.32,3517.0,1290182.21
2025-08-09,3322.86,3067.94,3498.62,1293505.07
2025-08-10,3337.22,3182.7,3443.95,1296842.29
2025-08-11,2434.89,3152.22,3402.57,1299277.18
2025-08-12,2682.17,3147.81,3381.9,1301959.35
2025-08-13,4911.09,3395.74,3444.75,1306870.44
2025-08-14,3401.21,3351.18,3436.74,1310271.65
2025-08-15,2746.13,3262.22,3404.09,1313017.78
2025-08-16,3107.26,3231.42,3376.66,1316125.04
2025-08-17,3137.98,3202.96,3257.16,1319263.02
2025-08-18,3919.83,3415.1,3244.72,1323182.85
2025-08-19,2531.37,3393.55,3190.32,1325714.22
2025-08-20,1847.85,2955.95,3078.09,1327562.07
2025-08-21,2963.75,2893.45,3056.19,1330525.82
2025-08-22,2665.31,2881.91,3043.27,1333191.13
2025-08-23,3318.73,2912.12,3081.42,1336509.86
2025-08-24,3605.35,2978.88,3112.07,1340115.21
2025-08-25,2685.88,2802.61,3071.73,1342801.09
2025-08-26,2519.53,2800.91,3064.69,1345320.62
2025-08-27,2236.7,2856.46,3017.09,1347557.32
2025-08-28,2782.98,2830.64,3009.32,1350340.3
2025-08-29,5035.74,3169.27,3065.18,1355376.04
2025-08-30,2693.92,3080.01,3080.46,1358069.96
2025-08-31,3987.85,3134.66,3112.03,1362057.81
2025-09-01,2104.62,3051.62,3071.1,1364162.43
2025-09-02,2379.78,3031.66,3065.96,1366542.21
2025-09-03,3520.87,3215.11,3095.05,1370063.08
2025-09-04,3465.94,3312.67,3120.14,1373529.02
2025-09-05,3207.71,3051.53,3121.22,1376736.73
2025-09-06,1994.48,2951.61,3063.93,1378731.21
2025-09-07,2797.7,2781.59,3044.89,1381528.91
2025-09-08,4095.15,3065.95,3070.63,1385624.06
2025-09-09,4327.9,3344.25,3103.66,1389951.96
2025-09-10,2627.6,3216.64,3110.08,1392579.56
2025-09-11,2685.88,3105.2,3110.2,1395265.44
2025-09-12,3245.42,3110.59,3054.68,1398510.86
2025-09-13,1813.48,3084.73,3001.76,1400324.34
2025-09-14,2467.18,3037.52,2992.46,1402791.52
2025-09-15,1915.75,2726.17,2952.74,1404707.27
2025-09-16,3847.39,2657.53,2976.39,1408554.66
2025-09-17,2967.97,2706.15,2944.66,1411522.63
2025-09-18,4028.25,2897.92,2994.56,1415550.88
2025-09-19,3819.33,2979.91,3060.27,1419370.21
2025-09-20,1682.68,2961.22,3017.57,1421052.89
2025-09-21,3427.95,3098.47,3042.99,1424480.84
2025-09-22,2984.24,3251.12,3031.84,1427465.08
2025-09-23,2561.98,3067.49,2997.06,1430027.06
2025-09-24,3861.26,3195.1,3036.24,1433888.32
2025-09-25,3326.18,3094.8,3063.13,1437214.5
2025-09-26,3392.69,3033.85,3101.66,1440607.19
2025-09-27,2852.26,3200.94,3103.97,1443459.45
2025-09-28,3915.83,3270.63,3066.64,1447375.28
2025-09-29,1911.42,3117.37,3040.56,1449286.7
2025-09-30,3166.98,3203.8,3013.2,1452453.68
2025-10-01,2363.05,2989.77,3021.81,1454816.73
2025-10-02,2025.51,2803.96,3010.0,1456842.24
2025-10-03,1598.72,2547.68,2945.93,1458440.96
2025-10-04,2899.42,2554.42,2927.05,1461340.38
2025-10-05,2281.83,2320.99,2896.18,1463622.21
2025-10-06,2088.25,2346.25,2899.31,1465710.46
2025-10-07,2377.11,2233.41,2885.29,1468087.57
2025-10-08,2366.29,2233.88,2827.66,1470453.86
2025-10-09,2447.71,2294.19,2764.99,1472901.57
2025-10-10,1736.82,2313.92,2735.29,1474638.39
2025-10-11,2381.79,2239.97,2725.16,1477020.18
2025-10-12,2072.83,2210.11,2686.07,1479093.01
2025-10-13,1201.91,2083.49,2665.69,1480294.92
2025-10-14,2530.85,2105.46,2667.81,1482825.77
2025-10-15,2216.61,2084.07,2677.84,1485042.38
2025-10-16,1981.35,2017.45,2615.64,1487023.73
2025-10-17,3176.14,2223.07,2622.57,1490199.87
2025-10-18,2418.9,2228.37,2568.93,1492618.77
2025-10-19,2810.69,2333.78,2535.31,1495429.46
2025-10-20,1845.09,2425.66,2540.72,1497274.55
2025-10-21,2115.23,2366.29,2496.96,1499389.78
2025-10-22,2919.63,2466.72,2494.81,1502309.41
2025-10-23,1838.38,2446.29,2470.69,1504147.79
2025-10-24,1918.24,2266.59,2405.92,1506066.03
2025-10-25,3044.55,2355.97,2396.54,1509110.58
2025-10-26,2038.23,2245.62,2351.39,1511148.81
2025-10-27,3139.73,2430.57,2360.97,1514288.54
2025-10-28,2146.16,2434.99,2301.98,1516434.7
2025-10-29,1616.01,2248.76,2292.13,1518050.71
2025-10-30,2571.0,2353.42,2272.27,1520621.71
2025-10-31,2578.12,2447.69,2279.44,1523199.83
2025-11-01,2046.17,2305.06,2280.13,1525246.0
2025-11-02,2299.1,2342.33,2303.47,1527545.1
2025-11-03,1648.64,2129.31,2261.78,1529193.74
2025-11-04,1836.25,2085.04,2246.93,1531029.99
2025-11-05,976.13,1993.63,2209.86,1532006.12
2025-11-06,2865.47,2035.7,2226.13,1534871.59
2025-11-07,2280.96,1993.25,2223.29,1537152.55
2025-11-08,1292.43,1885.57,2184.78,1538444.98
2025-11-09,2993.6,1984.78,2226.67,1541438.58
2025-11-10,2096.57,2048.77,2217.17,1543535.15
2025-11-11,3745.76,2321.56,2272.93,1547280.91
2025-11-12,3896.27,2738.72,2362.74,1551177.18
2025-11-13,1689.23,2570.69,2334.69,1552866.41
2025-11-14,2155.94,2552.83,2332.67,1555022.35
2025-11-15,2197.23,2682.09,2339.86,1557219.58
2025-11-16,1931.1,2530.3,2298.36,1559150.68
2025-11-17,2142.73,2536.89,2289.15,1561293.41
2025-11-18,1374.58,2198.15,2241.28,1562667.99
2025-11-19,2547.19,2005.43,2264.69,1565215.18
2025-11-20,1479.83,1975.51,2243.51,1566695.01
2025-11-21,2731.92,2057.8,2237.25,1569426.93
2025-11-22,2462.96,2095.76,2258.07,1571889.89
2025-11-23,2026.86,2109.44,2261.69,1573916.75
2025-11-24,1790.11,2059.06,2219.88,1575706.86
2025-11-25,1012.36,2007.32,2185.68,1576719.22
2025-11-26,3378.86,2126.13,2193.65,1580098.08
2025-11-27,1519.27,2131.76,2172.76,1581617.35
2025-11-28,1110.67,1900.16,2155.91,1582728.02
2025-11-29,2389.93,1889.72,2149.87,1585117.95
2025-11-30,1419.27,1802.92,2111.25,1586537.22
2025-12-01,1917.78,1821.16,2106.97,1588455.0
2025-12-02,1783.36,1931.31,2089.78,1590238.36
2025-12-03,1623.69,1680.57,2088.94,1591862.05
2025-12-04,2047.99,1756.1,2096.0,1593910.04
2025-12-05,2005.74,1883.97,2130.32,1595915.78
2025-12-06,1942.55,1820.05,2099.56,1597858.33
2025-12-07,1443.47,1823.51,2071.64,1599301.8
2025-12-08,1596.53,1777.62,2081.78,1600898.33
2025-12-09,1050.18,1672.88,2017.0,1601948.51
2025-12-10,1735.06,1688.79,2004.95,1603683.57
2025-12-11,1048.14,1545.95,1915.03,1604731.71
2025-12-12,1215.27,1433.03,1825.66,1605946.98
2025-12-13,2040.23,1446.98,1837.36,1607987.21
2025-12-14,1019.51,1386.42,1799.48,1609006.72
2025-12-15,833.79,1277.45,1754.03,1609840.51
2025-12-16,2239.04,1447.29,1764.3,1612079.55
2025-12-17,1378.26,1396.32,1738.81,1613457.81
2025-12-18,2615.39,1620.21,1780.17,1616073.2
2025-12-19,1949.39,1725.09,1760.25,1618022.59
2025-12-20,1885.23,1702.94,1773.76,1619907.82
2025-12-21,1945.5,1835.23,1747.55,1621853.32
2025-12-22,1915.75,1989.79,1729.31,1623769.07
2025-12-23,1724.76,1916.33,1719.24,1625493.83
2025-12-24,1847.9,1983.42,1721.16,1627341.73
2025-12-25,1037.34,1757.98,1722.0,1628379.07
2025-12-26,2321.43,1811.13,1686.75,1630700.5
2025-12-27,1710.64,1786.19,1693.13,1632411.14
2025-12-28,2127.64,1812.21,1727.03,1634538.78
2025-12-29,1154.58,1703.47,1685.85,1635693.36
2025-12-30,1449.63,1664.17,1686.86,1637142.99
2025-12-31,1934.85,1676.59,1687.43,1639077.84
2026-01-01,1691.04,1769.97,1684.35,1640768.88
2026-01-02,2091.72,1737.16,1699.95,1642860.6
2026-01-03,1470.53,1702.86,1680.7,1644331.13
2026-01-04,1440.63,1604.71,1661.87,1645771.76
2026-01-05,901.3,1568.53,1627.16,1646673.06
2026-01-06,1176.76,1529.55,1618.27,1647849.82
2026-01-07,1823.84,1513.69,1625.84,1649673.66
2026-01-08,1693.82,1514.09,1647.3,1651367.48
2026-01-09,2174.19,1525.87,1661.94,1653541.67
2026-01-10,1955.76,1595.19,1692.19,1655497.43
2026-01-11,1107.13,1547.54,1688.59,1656604.56
2026-01-12,2130.57,1723.15,1691.6,1658735.13
2026-01-13,1768.4,1807.67,1716.56,1660503.53
2026-01-14,2444.91,1896.4,1770.26,1662948.44
2026-01-15,923.06,1786.29,1726.4,1663871.5
2026-01-16,1524.5,1693.48,1731.27,1665396.0
2026-01-17,2110.5,1715.58,1714.44,1667506.5
2026-01-18,1756.28,1808.32,1708.01,1669262.78
2026-01-19,1772.9,1757.22,1704.26,1671035.68
2026-01-20,955.68,1641.12,1671.27,1671991.36
2026-01-21,1717.06,1537.14,1664.65,1673708.42
2026-01-22,1688.14,1646.44,1663.42,1675396.56
2026-01-23,1552.9,1650.49,1653.59,1676949.46
2026-01-24,1156.66,1514.23,1657.57,1678106.12
2026-01-25,1421.84,1466.45,1627.58,1679527.96
2026-01-26,1361.7,1407.71,1615.95,1680889.66
2026-01-27,1165.49,1437.68,1583.88,1682055.15
2026-01-28,1062.03,1344.11,1580.79,1683117.18
2026-01-29,1200.63,1274.46,1572.49,1684317.81
2026-01-30,1083.34,1207.38,1544.11,1685401.15
2026-01-31,1626.14,1274.45,1541.95,1687027.29
2026-02-01,1639.48,1305.54,1526.87,1688666.77
2026-02-02,1412.37,1312.78,1524.93,1690079.14
2026-02-03,1699.61,1389.09,1533.57,1691778.75
2026-02-04,1641.22,1471.83,1558.23,1693419.97
2026-02-05,1361.6,1494.82,1564.39,1694781.57
2026-02-06,1799.67,1597.16,1563.59,1696581.24
2026-02-07,1355.67,1558.52,1552.31,1697936.91
2026-02-08,1244.31,1502.06,1521.32,1699181.22
2026-02-09,2368.12,1638.6,1535.06,1701549.34
2026-02-10,1493.27,1609.12,1547.94,1703042.61
2026-02-11,852.57,1496.46,1505.34,1703895.18
2026-02-12,1864.08,1568.24,1508.52,1705759.26
2026-02-13,1194.44,1481.78,1466.84,1706953.7
2026-02-14,1240.78,1465.37,1477.43,1708194.48
2026-02-15,1721.03,1533.47,1483.98,1709915.51
2026-02-16,1280.07,1378.03,1456.3,1711195.58
2026-02-17,1272.05,1346.43,1440.16,1712467.63
2026-02-18,754.08,1332.36,1406.2,1713221.71
2026-02-19,1292.99,1250.78,1417.44,1714514.7
2026-02-20,1151.54,1244.65,1398.59,1715666.24
2026-02-21,1398.11,1267.12,1388.93,1717064.35
2026-02-22,1855.87,1286.39,1399.03,1718920.22
2026-02-23,2070.88,1399.36,1429.5,1720991.1
2026-02-24,2161.16,1526.38,1454.14,1723152.26
2026-02-25,956.1,1555.24,1440.62,1724108.36
2026-02-26,1058.44,1521.73,1437.06,1725166.8
2026-02-27,591.51,1441.72,1421.37,1725758.31
